p_id,first_name,last_name,gender,country
1101,John,Doe,Male,USA
1102,Jane,Smith,Female,Canada
1103,Robert,Brown,Male,UK
1104,Emily,Davis,Female,Australia
1105,Michael,Miller,Male,Germany
1106,Sarah,Wilson,Female,France
1107,David,Martinez,Male,Spain
1108,Laura,Garcia,Female,Italy
1109,James,Anderson,Male,Netherlands
1110,Mary,Thomas,Female,Sweden
1111,Christopher,Lee,Male,South Korea
1112,Patricia,Moore,Female,New Zealand
1113,Daniel,Taylor,Male,South Africa
1114,Linda,Jackson,Female,Brazil
1115,Matthew,White,Male,Japan
1116,Barbara,Harris,Female,India
1117,Joshua,Clark,Male,Mexico
1118,Elizabeth,Lewis,Female,Russia
1119,Andrew,Robinson,Male,China
1120,Megan,Walker,Female,Portugal
1121,Thomas,Young,Male,Ireland
